login,password,email
user_bm8oil,68pa9yy836,user_bm8oil@testmail.com
user_jz9g2g,tkl4hmok4f,user_jz9g2g@testmail.com
user_i7e285,X0LK9zZr8u,user_i7e285@testmail.com
user_9iikva,x28rgNHKqu,user_9iikva@testmail.com
user_7m131f,mIg4IFhqWs,user_7m131f@testmail.com
user_46w47m,IBGYOgi4Jb,user_46w47m@testmail.com
user_vdu8ep,GW02cKepyX,user_vdu8ep@testmail.com
user_br5eom,1IU2jkak6w,user_br5eom@testmail.com
user_glkm1w,uERWKiZNR6,user_glkm1w@testmail.com
user_eofqbj,GTckPoaXHT,user_eofqbj@testmail.com
user_ve8l24,E5SqRxgDsN,user_ve8l24@testmail.com
user_ld31iq,rFFtDpNPkY,user_ld31iq@testmail.com
user_nss2s1,dkBpL2EQ3Z,user_nss2s1@testmail.com
user_4s4wi1,fNZPMXWGR5,user_4s4wi1@testmail.com
user_ujwek8,cNOxjIGo4e,user_ujwek8@testmail.com
user_l590xf,fMZ399KAgs,user_l590xf@testmail.com
user_i9sqxq,54NDAGETL8,user_i9sqxq@testmail.com
user_5ctjp8,tiYIWGt26p,user_5ctjp8@testmail.com
user_vnmv1g,5SazMJMQ4v,user_vnmv1g@testmail.com
user_m45ed2,qUNNk4zlOL,user_m45ed2@testmail.com
user_tay9j0,VLAOMThud7,user_tay9j0@testmail.com
user_nspvah,emfot1b5Nz,user_nspvah@testmail.com